{"nm":"cart","ddd":0,"h":1200,"w":1200,"meta":{"g":"LottieFiles AE 0.1.20","tc":"#ffffff"},"layers":[{"ty":4,"nm":"wheel right","sr":1,"st":0,"op":179.000007290819,"ip":0,"hd":false,"ddd":0,"bm":0,"hasMask":false,"ao":0,"ks":{"a":{"a":0,"k":[61.827,61.826,0],"ix":1},"s":{"a":0,"k":[98.368,98.368,100],"ix":6},"sk":{"a":0,"k":0},"p":{"a":1,"k":[{"o":{"x":0.33,"y":0},"i":{"x":0.67,"y":1},"s":[445.931,733.885,0],"t":4,"ti":[-2.041,8.987,0],"to":[0.73,-3.203,0]},{"o":{"x":0.332,"y":0},"i":{"x":0.665,"y":0.811},"s":[442.952,810.412,0],"t":8,"ti":[-2.397,19.604,0],"to":[1.049,-4.62,0]},{"o":{"x":0.332,"y":0.623},"i":{"x":0.666,"y":0.823},"s":[456.01,689.889,0],"t":14,"ti":[4.538,-5.726,0],"to":[5.327,-43.572,0]},{"o":{"x":0.334,"y":0.354},"i":{"x":0.67,"y":1},"s":[450.574,721.224,0],"t":24,"ti":[0.622,-2.796,0],"to":[-12.836,16.196,0]},{"s":[413.529,740.678,0],"t":38.0000015477717}],"ix":2},"r":{"a":0,"k":0,"ix":10},"sa":{"a":0,"k":0},"o":{"a":0,"k":100,"ix":11}},"ef":[],"shapes":[{"ty":"gr","bm":0,"hd":false,"mn":"ADBE Vector Group","nm":"Group 1","ix":1,"cix":2,"np":2,"it":[{"ty":"sh","bm":0,"hd":false,"mn":"ADBE Vector Shape - Group","nm":"Path 1","ix":1,"d":1,"ks":{"a":0,"k":{"c":true,"i":[[-34.008,0],[0,34.014],[34.009,0],[0,-34.005]],"o":[[34.009,0],[0,-34.005],[-34.008,0],[0,34.014]],"v":[[0.001,61.576],[61.577,-0.005],[0.001,-61.576],[-61.577,-0.005]]},"ix":2}},{"ty":"fl","bm":0,"hd":false,"mn":"ADBE Vector Graphic - Fill","nm":"Fill 1","c":{"a":0,"k":[0.8392,0.8392,0.8392],"ix":4},"r":1,"o":{"a":0,"k":100,"ix":5}},{"ty":"tr","a":{"a":0,"k":[0,0],"ix":1},"s":{"a":0,"k":[100,100],"ix":3},"sk":{"a":0,"k":0,"ix":4},"p":{"a":0,"k":[61.827,61.826],"ix":2},"r":{"a":0,"k":0,"ix":6},"sa":{"a":0,"k":0,"ix":5},"o":{"a":0,"k":100,"ix":7}}]}],"ind":1,"parent":3},{"ty":4,"nm":"wheel left","sr":1,"st":0,"op":179.000007290819,"ip":0,"hd":false,"ddd":0,"bm":0,"hasMask":false,"ao":0,"ks":{"a":{"a":0,"k":[61.827,61.826,0],"ix":1},"s":{"a":0,"k":[98.368,98.368,100],"ix":6},"sk":{"a":0,"k":0},"p":{"a":1,"k":[{"o":{"x":0.33,"y":0},"i":{"x":0.67,"y":1},"s":[77.19,617.621,0],"t":4,"ti":[-5.028,5.421,0],"to":[0,9.809,0]},{"o":{"x":0.33,"y":0},"i":{"x":0.67,"y":1},"s":[77.19,676.474,0],"t":14,"ti":[1.235,8.589,0],"to":[5.028,-5.421,0]},{"o":{"x":0.33,"y":0},"i":{"x":0.67,"y":1},"s":[107.361,585.096,0],"t":20,"ti":[6.264,-6.64,0],"to":[-1.235,-8.589,0]},{"s":[69.778,624.937,0],"t":55.0000022401959}],"ix":2},"r":{"a":0,"k":0,"ix":10},"sa":{"a":0,"k":0},"o":{"a":0,"k":100,"ix":11}},"ef":[],"shapes":[{"ty":"gr","bm":0,"hd":false,"mn":"ADBE Vector Group","nm":"Group 1","ix":1,"cix":2,"np":2,"it":[{"ty":"sh","bm":0,"hd":false,"mn":"ADBE Vector Shape - Group","nm":"Path 1","ix":1,"d":1,"ks":{"a":0,"k":{"c":true,"i":[[-34.009,0],[0,34.006],[34.008,0],[0,-34.011]],"o":[[34.008,0],[0,-34.011],[-34.009,0],[0,34.006]],"v":[[0.001,61.576],[61.577,0.005],[0.001,-61.576],[-61.577,0.005]]},"ix":2}},{"ty":"fl","bm":0,"hd":false,"mn":"ADBE Vector Graphic - Fill","nm":"Fill 1","c":{"a":0,"k":[0.8392,0.8392,0.8392],"ix":4},"r":1,"o":{"a":0,"k":100,"ix":5}},{"ty":"tr","a":{"a":0,"k":[0,0],"ix":1},"s":{"a":0,"k":[100,100],"ix":3},"sk":{"a":0,"k":0,"ix":4},"p":{"a":0,"k":[61.827,61.826],"ix":2},"r":{"a":0,"k":0,"ix":6},"sa":{"a":0,"k":0,"ix":5},"o":{"a":0,"k":100,"ix":7}}]}],"ind":2,"parent":3},{"ty":4,"nm":"cart","sr":1,"st":0,"op":179.000007290819,"ip":0,"hd":false,"ddd":0,"bm":0,"hasMask":false,"ao":0,"ks":{"a":{"a":0,"k":[485.458,334.491,0],"ix":1},"s":{"a":0,"k":[91.754,91.754,100],"ix":6},"sk":{"a":0,"k":0},"p":{"a":1,"k":[{"o":{"x":1,"y":0},"i":{"x":0.95,"y":1},"s":[695.906,440.517,0],"t":0,"ti":[0,-24,0],"to":[0,24,0]},{"s":[695.906,584.517,0],"t":9.00000036657752}],"ix":2,"x":"var $bm_rt;\nvar enable, amp, freq, decay, n, t, v;\ntry {\n    $bm_rt = enable = effect('Excite - Position')('Pseudo/BNCA2506f0b33-0001');\n    if (enable == 0) {\n        $bm_rt = value;\n    } else {\n        amp = $bm_div(effect('Excite - Position')('Pseudo/BNCA2506f0b33-0003'), 2.5);\n        freq = $bm_div(effect('Excite - Position')('Pseudo/BNCA2506f0b33-0004'), 20);\n        decay = $bm_div(effect('Excite - Position')('Pseudo/BNCA2506f0b33-0005'), 20);\n        n = 0, 0 < numKeys && (n = nearestKey(time).index, key(n).time > time && n--), t = 0 === n ? 0 : $bm_sub(time, key(n).time), $bm_rt = 0 < n ? (v = velocityAtTime($bm_sub(key(n).time, $bm_div(thisComp.frameDuration, 10))), $bm_sum(value, $bm_div($bm_mul($bm_mul($bm_div(v, 100), amp), Math.sin($bm_mul($bm_mul($bm_mul(freq, t), 2), Math.PI))), Math.exp($bm_mul(decay, t))))) : value;\n    }\n} catch (err) {\n    $bm_rt = value = value;\n}"},"r":{"a":1,"k":[{"o":{"x":0.05,"y":0},"i":{"x":0.75,"y":1},"s":[0],"t":11},{"o":{"x":0.03,"y":0},"i":{"x":0.75,"y":1},"s":[-14.979],"t":21},{"s":[-5.174],"t":39.0000015885026}],"ix":10},"sa":{"a":0,"k":0},"o":{"a":0,"k":100,"ix":11}},"ef":[{"ty":5,"mn":"Pseudo/BNCA2506f0b33","nm":"Excite - Position","ix":1,"en":1,"ef":[{"ty":7,"mn":"Pseudo/BNCA2506f0b33-0001","nm":"Enable","ix":1,"v":{"a":0,"k":1,"ix":1}},{"ty":6,"mn":"Pseudo/BNCA2506f0b33-0002","nm":"Properties","ix":2,"v":0},{"ty":0,"mn":"Pseudo/BNCA2506f0b33-0003","nm":"Overshoot","ix":3,"v":{"a":0,"k":20,"ix":3,"x":"var $bm_rt;\n$bm_rt = clamp(value, 0, 100);"}},{"ty":0,"mn":"Pseudo/BNCA2506f0b33-0004","nm":"Bounce","ix":4,"v":{"a":0,"k":23.6,"ix":4,"x":"var $bm_rt;\n$bm_rt = clamp(value, 0, 100);"}},{"ty":0,"mn":"Pseudo/BNCA2506f0b33-0005","nm":"Friction","ix":5,"v":{"a":0,"k":52.5,"ix":5,"x":"var $bm_rt;\n$bm_rt = clamp(value, 0, 100);"}},{"ty":6,"mn":"Pseudo/BNCA2506f0b33-0006","nm":"","ix":6,"v":0}]}],"shapes":[{"ty":"gr","bm":0,"hd":false,"mn":"ADBE Vector Group","nm":"Group 1","ix":1,"cix":2,"np":2,"it":[{"ty":"sh","bm":0,"hd":false,"mn":"ADBE Vector Shape - Group","nm":"Path 1","ix":1,"d":1,"ks":{"a":0,"k":{"c":true,"i":[[0.899,0.112],[0,0],[0.111,-0.899],[0,0],[-0.899,-0.113],[0,0],[-0.118,0.899],[0,0]],"o":[[0,0],[-0.899,-0.113],[0,0],[-0.11,0.899],[0,0],[0.892,0.113],[0,0],[0.111,-0.899]],"v":[[86.229,-30.743],[-75.994,-51.052],[-77.825,-49.628],[-87.658,28.912],[-86.229,30.743],[75.993,51.053],[77.824,49.629],[87.657,-28.911]]},"ix":2}},{"ty":"fl","bm":0,"hd":false,"mn":"ADBE Vector Graphic - Fill","nm":"Fill 1","c":{"a":0,"k":[0.5686,0.5686,0.5686],"ix":4},"r":1,"o":{"a":0,"k":100,"ix":5}},{"ty":"tr","a":{"a":0,"k":[0,0],"ix":1},"s":{"a":0,"k":[100,100],"ix":3},"sk":{"a":0,"k":0,"ix":4},"p":{"a":0,"k":[882.898,89.788],"ix":2},"r":{"a":0,"k":0,"ix":6},"sa":{"a":0,"k":0,"ix":5},"o":{"a":0,"k":100,"ix":7}}]},{"ty":"gr","bm":0,"hd":false,"mn":"ADBE Vector Group","nm":"Group 2","ix":2,"cix":2,"np":2,"it":[{"ty":"sh","bm":0,"hd":false,"mn":"ADBE Vector Shape - Group","nm":"Path 1","ix":1,"d":1,"ks":{"a":0,"k":{"c":true,"i":[[0,0],[0,0],[0,0],[0,0]],"o":[[0,0],[0,0],[0,0],[0,0]],"v":[[88.966,-131.61],[9.516,-148.054],[-88.966,132.557],[-40.419,148.054]]},"ix":2}},{"ty":"fl","bm":0,"hd":false,"mn":"ADBE Vector Graphic - Fill","nm":"Fill 1","c":{"a":0,"k":[1,1,1],"ix":4},"r":1,"o":{"a":0,"k":100,"ix":5}},{"ty":"tr","a":{"a":0,"k":[0,0],"ix":1},"s":{"a":0,"k":[100,100],"ix":3},"sk":{"a":0,"k":0,"ix":4},"p":{"a":0,"k":[473.235,293.962],"ix":2},"r":{"a":0,"k":0,"ix":6},"sa":{"a":0,"k":0,"ix":5},"o":{"a":0,"k":100,"ix":7}}]},{"ty":"gr","bm":0,"hd":false,"mn":"ADBE Vector Group","nm":"Group 3","ix":3,"cix":2,"np":2,"it":[{"ty":"sh","bm":0,"hd":false,"mn":"ADBE Vector Shape - Group","nm":"Path 1","ix":1,"d":1,"ks":{"a":0,"k":{"c":true,"i":[[0,0],[0,0],[0,0],[0,0]],"o":[[0,0],[0,0],[0,0],[0,0]],"v":[[-17.9,-139.619],[61.549,-123.176],[-8.958,139.619],[-61.55,122.832]]},"ix":2}},{"ty":"fl","bm":0,"hd":false,"mn":"ADBE Vector Graphic - Fill","nm":"Fill 1","c":{"a":0,"k":[1,1,1],"ix":4},"r":1,"o":{"a":0,"k":100,"ix":5}},{"ty":"tr","a":{"a":0,"k":[0,0],"ix":1},"s":{"a":0,"k":[100,100],"ix":3},"sk":{"a":0,"k":0,"ix":4},"p":{"a":0,"k":[235.44,236.538],"ix":2},"r":{"a":0,"k":0,"ix":6},"sa":{"a":0,"k":0,"ix":5},"o":{"a":0,"k":100,"ix":7}}]},{"ty":"gr","bm":0,"hd":false,"mn":"ADBE Vector Group","nm":"Group 4","ix":4,"cix":2,"np":2,"it":[{"ty":"sh","bm":0,"hd":false,"mn":"ADBE Vector Shape - Group","nm":"Path 1","ix":1,"d":1,"ks":{"a":0,"k":{"c":true,"i":[[0,0],[0,0],[0,0],[0,0]],"o":[[0,0],[0,0],[0,0],[0,0]],"v":[[-76.27,127.695],[-27.722,143.191],[76.27,-126.748],[-3.181,-143.191]]},"ix":2}},{"ty":"fl","bm":0,"hd":false,"mn":"ADBE Vector Graphic - Fill","nm":"Fill 1","c":{"a":0,"k":[1,1,1],"ix":4},"r":1,"o":{"a":0,"k":100,"ix":5}},{"ty":"tr","a":{"a":0,"k":[0,0],"ix":1},"s":{"a":0,"k":[100,100],"ix":3},"sk":{"a":0,"k":0,"ix":4},"p":{"a":0,"k":[355.349,265.25],"ix":2},"r":{"a":0,"k":0,"ix":6},"sa":{"a":0,"k":0,"ix":5},"o":{"a":0,"k":100,"ix":7}}]},{"ty":"gr","bm":0,"hd":false,"mn":"ADBE Vector Group","nm":"Group 5","ix":5,"cix":2,"np":2,"it":[{"ty":"sh","bm":0,"hd":false,"mn":"ADBE Vector Shape - Group","nm":"Path 1","ix":1,"d":1,"ks":{"a":0,"k":{"c":true,"i":[[0,0],[0,0],[0,0],[0,0]],"o":[[0,0],[0,0],[0,0],[0,0]],"v":[[-94.303,133.461],[-41.709,150.249],[94.303,-136.216],[36.373,-150.248]]},"ix":2}},{"ty":"fl","bm":0,"hd":false,"mn":"ADBE Vector Graphic - Fill","nm":"Fill 1","c":{"a":0,"k":[1,1,1],"ix":4},"r":1,"o":{"a":0,"k":100,"ix":5}},{"ty":"tr","a":{"a":0,"k":[0,0],"ix":1},"s":{"a":0,"k":[100,100],"ix":3},"sk":{"a":0,"k":0,"ix":4},"p":{"a":0,"k":[575.662,324.047],"ix":2},"r":{"a":0,"k":0,"ix":6},"sa":{"a":0,"k":0,"ix":5},"o":{"a":0,"k":100,"ix":7}}]},{"ty":"gr","bm":0,"hd":false,"mn":"ADBE Vector Group","nm":"Group 6","ix":6,"cix":2,"np":2,"it":[{"ty":"sh","bm":0,"hd":false,"mn":"ADBE Vector Shape - Group","nm":"Path 1","ix":1,"d":1,"ks":{"a":0,"k":{"c":true,"i":[[0,0],[0,0],[0,0],[0,0]],"o":[[0,0],[0,0],[0,0],[0,0]],"v":[[-51.521,117.323],[1.072,134.11],[51.521,-121.713],[-29.219,-134.11]]},"ix":2}},{"ty":"fl","bm":0,"hd":false,"mn":"ADBE Vector Graphic - Fill","nm":"Fill 1","c":{"a":0,"k":[1,1,1],"ix":4},"r":1,"o":{"a":0,"k":100,"ix":5}},{"ty":"tr","a":{"a":0,"k":[0,0],"ix":1},"s":{"a":0,"k":[100,100],"ix":3},"sk":{"a":0,"k":0,"ix":4},"p":{"a":0,"k":[120.229,208.475],"ix":2},"r":{"a":0,"k":0,"ix":6},"sa":{"a":0,"k":0,"ix":5},"o":{"a":0,"k":100,"ix":7}}]},{"ty":"gr","bm":0,"hd":false,"mn":"ADBE Vector Group","nm":"Group 7","ix":7,"cix":2,"np":2,"it":[{"ty":"sh","bm":0,"hd":false,"mn":"ADBE Vector Shape - Group","nm":"Path 1","ix":1,"d":1,"ks":{"a":1,"k":[{"o":{"x":0.167,"y":0.167},"i":{"x":0.833,"y":0.833},"s":[{"c":true,"i":[[3.339,0.423],[0,0],[2.286,-1.246],[1.17,-2.325],[0,0],[0,0],[3.728,-1.571],[3.858,1.224],[0,0],[1.326,-0.22],[1.081,-0.798],[0.599,-1.204],[-0.015,-1.344],[0,0],[-1.592,-2.158],[-2.554,-0.814],[0,0],[-3.86,-4.262],[-1.2,-5.618],[0,0],[22.799,6.921],[0,0],[1.603,2.416],[-0.263,2.888],[0,0],[-1.16,2.081],[-1.907,1.43],[-2.324,0.531],[-2.339,-0.46],[0,0],[0,0],[-2.321,1.228],[-2.606,-0.32],[0,0],[-1.46,-0.837],[-1.018,-1.334],[-0.435,-1.626],[0.229,-1.668],[0,0],[2.667,-2.054]],"o":[[0,0],[-2.588,-0.276],[-2.286,1.246],[0,0],[0,0],[-1.817,3.614],[-3.728,1.572],[0,0],[-1.281,-0.41],[-1.327,0.219],[-1.082,0.799],[-0.598,1.205],[0,0],[0.026,2.681],[1.593,2.156],[0,0],[5.477,1.744],[3.861,4.262],[0,0],[4.273,23.471],[0,0],[-2.764,-0.879],[-1.604,-2.417],[0,0],[0.212,-2.374],[1.16,-2.083],[1.906,-1.43],[2.323,-0.53],[0,0],[0,0],[1.201,-2.335],[2.32,-1.227],[0,0],[1.665,0.209],[1.46,0.837],[1.026,1.335],[0.433,1.627],[0,0],[-0.442,3.339],[-2.667,2.055]],"v":[[460.167,-200.239],[306.46,-220.053],[298.975,-218.564],[293.669,-213.08],[252.796,-132.377],[81.704,209.8],[73.111,217.834],[61.358,218.373],[-403.036,70.142],[-407.003,69.854],[-410.667,71.402],[-413.224,74.449],[-414.112,78.328],[-413.899,97.612],[-411.409,105.055],[-405.029,109.625],[86.314,266.458],[100.569,275.628],[108.295,290.716],[108.459,291.49],[66.8,327.319],[-471.975,155.122],[-478.723,150.031],[-480.794,141.836],[-438.628,-318.615],[-436.548,-325.373],[-431.896,-330.701],[-425.479,-333.675],[-418.408,-333.781],[227.033,-207.516],[268.605,-290.135],[274.014,-295.609],[281.582,-297.003],[469.812,-272.898],[474.546,-271.312],[478.311,-268.023],[480.521,-263.537],[480.828,-258.547],[474.412,-211.204],[469.551,-202.786]]}],"t":11},{"o":{"x":0.167,"y":0.167},"i":{"x":0.833,"y":0.833},"s":[{"c":true,"i":[[3.339,0.423],[0,0],[2.286,-1.246],[1.17,-2.325],[0,0],[0,0],[3.728,-1.571],[3.858,1.224],[0,0],[1.326,-0.22],[1.081,-0.798],[0.599,-1.204],[-0.015,-1.344],[0,0],[-1.592,-2.158],[-2.554,-0.814],[0,0],[-3.86,-4.262],[-2.461,-6.231],[0,0],[22.799,6.921],[0,0],[1.603,2.416],[-0.263,2.888],[0,0],[-1.16,2.081],[-1.907,1.43],[-2.324,0.531],[-2.339,-0.46],[0,0],[0,0],[-2.321,1.228],[-2.606,-0.32],[0,0],[-1.46,-0.837],[-1.018,-1.334],[-0.435,-1.626],[0.229,-1.668],[0,0],[2.667,-2.054]],"o":[[0,0],[-2.588,-0.276],[-2.286,1.246],[0,0],[0,0],[-1.817,3.614],[-3.728,1.572],[0,0],[-1.281,-0.41],[-1.327,0.219],[-1.082,0.799],[-0.598,1.205],[0,0],[0.026,2.681],[1.593,2.156],[0,0],[5.477,1.744],[3.861,4.262],[0,0],[4.273,23.471],[0,0],[-2.764,-0.879],[-1.604,-2.417],[0,0],[0.212,-2.374],[1.16,-2.083],[1.906,-1.43],[2.323,-0.53],[0,0],[0,0],[1.201,-2.335],[2.32,-1.227],[0,0],[1.665,0.209],[1.46,0.837],[1.026,1.335],[0.433,1.627],[0,0],[-0.442,3.339],[-2.667,2.055]],"v":[[460.167,-200.239],[306.46,-220.053],[298.975,-218.565],[293.669,-213.081],[252.796,-132.377],[81.704,209.8],[73.111,217.834],[61.358,218.373],[-403.036,70.143],[-407.003,69.853],[-410.667,71.402],[-413.224,74.449],[-414.112,78.328],[-413.899,97.612],[-411.409,105.055],[-405.029,109.625],[93.965,245.401],[108.22,254.57],[114.972,265.507],[116.11,270.432],[74.451,306.262],[-471.975,155.122],[-478.723,150.032],[-480.794,141.835],[-438.628,-318.615],[-436.548,-325.373],[-431.896,-330.701],[-425.479,-333.675],[-418.408,-333.781],[227.033,-207.516],[268.605,-290.135],[274.014,-295.609],[281.582,-297.003],[469.812,-272.898],[474.546,-271.312],[478.311,-268.023],[480.521,-263.537],[480.828,-258.547],[474.412,-211.204],[469.551,-202.786]]}],"t":17},{"o":{"x":0.167,"y":0.167},"i":{"x":0.833,"y":0.833},"s":[{"c":true,"i":[[3.339,0.423],[0,0],[2.286,-1.246],[1.17,-2.325],[0,0],[0,0],[3.728,-1.571],[3.858,1.224],[0,0],[1.326,-0.22],[1.081,-0.798],[0.599,-1.204],[-0.015,-1.344],[0,0],[-1.592,-2.158],[-2.554,-0.814],[0,0],[-3.86,-4.262],[-2.461,-6.231],[0,0],[22.799,6.921],[0,0],[1.603,2.415],[-0.263,2.888],[0,0],[-1.16,2.081],[-1.907,1.43],[-2.324,0.531],[-2.339,-0.46],[0,0],[0,0],[-2.321,1.228],[-2.606,-0.32],[0,0],[-1.46,-0.837],[-1.018,-1.334],[-0.435,-1.626],[0.229,-1.668],[0,0],[2.667,-2.054]],"o":[[0,0],[-2.588,-0.276],[-2.286,1.246],[0,0],[0,0],[-1.817,3.614],[-3.728,1.572],[0,0],[-1.281,-0.41],[-1.327,0.219],[-1.082,0.799],[-0.598,1.205],[0,0],[0.026,2.681],[1.593,2.156],[0,0],[5.477,1.744],[3.861,4.262],[0,0],[4.273,23.471],[0,0],[-2.764,-0.879],[-1.604,-2.417],[0,0],[0.212,-2.374],[1.16,-2.083],[1.906,-1.43],[2.323,-0.53],[0,0],[0,0],[1.201,-2.335],[2.32,-1.227],[0,0],[1.665,0.209],[1.46,0.837],[1.026,1.335],[0.433,1.627],[0,0],[-0.442,3.339],[-2.667,2.055]],"v":[[460.167,-200.239],[306.46,-220.053],[298.975,-218.565],[293.669,-213.081],[252.796,-132.378],[81.704,209.8],[73.111,217.834],[61.358,218.373],[-403.036,70.143],[-407.003,69.853],[-410.667,71.402],[-413.224,74.449],[-414.112,78.328],[-413.899,97.613],[-411.409,105.056],[-405.029,109.625],[93.483,255.294],[107.738,264.464],[114.49,275.4],[115.628,280.326],[73.969,316.156],[-471.975,155.122],[-478.723,150.032],[-480.794,141.835],[-438.628,-318.615],[-436.548,-325.373],[-431.896,-330.701],[-425.479,-333.675],[-418.408,-333.781],[227.033,-207.516],[268.605,-290.135],[274.014,-295.609],[281.582,-297.003],[469.812,-272.898],[474.546,-271.312],[478.311,-268.023],[480.521,-263.537],[480.828,-258.547],[474.412,-211.204],[469.551,-202.786]]}],"t":22},{"s":[{"c":true,"i":[[3.339,0.423],[0,0],[2.286,-1.246],[1.17,-2.325],[0,0],[0,0],[3.728,-1.571],[3.858,1.224],[0,0],[1.326,-0.22],[1.081,-0.798],[0.599,-1.204],[-0.015,-1.344],[0,0],[-1.592,-2.158],[-2.554,-0.814],[0,0],[-3.86,-4.262],[-1.2,-5.618],[0,0],[22.799,6.921],[0,0],[1.603,2.416],[-0.263,2.888],[0,0],[-1.16,2.081],[-1.907,1.43],[-2.324,0.531],[-2.339,-0.46],[0,0],[0,0],[-2.321,1.228],[-2.606,-0.32],[0,0],[-1.46,-0.837],[-1.018,-1.334],[-0.435,-1.626],[0.229,-1.668],[0,0],[2.667,-2.054]],"o":[[0,0],[-2.588,-0.276],[-2.286,1.246],[0,0],[0,0],[-1.817,3.614],[-3.728,1.572],[0,0],[-1.281,-0.41],[-1.327,0.219],[-1.082,0.799],[-0.598,1.205],[0,0],[0.026,2.681],[1.593,2.156],[0,0],[5.477,1.744],[3.861,4.262],[0,0],[4.273,23.471],[0,0],[-2.764,-0.879],[-1.604,-2.417],[0,0],[0.212,-2.374],[1.16,-2.083],[1.906,-1.43],[2.323,-0.53],[0,0],[0,0],[1.201,-2.335],[2.32,-1.227],[0,0],[1.665,0.209],[1.46,0.837],[1.026,1.335],[0.433,1.627],[0,0],[-0.442,3.339],[-2.667,2.055]],"v":[[460.167,-200.239],[306.46,-220.053],[298.975,-218.564],[293.669,-213.08],[252.796,-132.377],[81.704,209.8],[73.111,217.834],[61.358,218.373],[-403.036,70.142],[-407.003,69.854],[-410.667,71.402],[-413.224,74.449],[-414.112,78.328],[-413.899,97.612],[-411.409,105.055],[-405.029,109.625],[86.314,266.458],[100.569,275.628],[108.295,290.716],[108.459,291.49],[66.8,327.319],[-471.975,155.122],[-478.723,150.031],[-480.794,141.836],[-438.628,-318.615],[-436.548,-325.373],[-431.896,-330.701],[-425.479,-333.675],[-418.408,-333.781],[227.033,-207.516],[268.605,-290.135],[274.014,-295.609],[281.582,-297.003],[469.812,-272.898],[474.546,-271.312],[478.311,-268.023],[480.521,-263.537],[480.828,-258.547],[474.412,-211.204],[469.551,-202.786]]}],"t":32.0000013033867}],"ix":2}},{"ty":"fl","bm":0,"hd":false,"mn":"ADBE Vector Graphic - Fill","nm":"Fill 1","c":{"a":0,"k":[0.8392,0.8392,0.8392],"ix":4},"r":1,"o":{"a":0,"k":100,"ix":5}},{"ty":"tr","a":{"a":0,"k":[0,0],"ix":1},"s":{"a":0,"k":[100,100],"ix":3},"sk":{"a":0,"k":0,"ix":4},"p":{"a":0,"k":[481.307,334.491],"ix":2},"r":{"a":0,"k":0,"ix":6},"sa":{"a":0,"k":0,"ix":5},"o":{"a":0,"k":100,"ix":7}}]}],"ind":3},{"ty":4,"nm":"bling 2","sr":1,"st":0,"op":179.000007290819,"ip":0,"hd":false,"ddd":0,"bm":0,"hasMask":false,"ao":0,"ks":{"a":{"a":0,"k":[143.627,112.496,0],"ix":1},"s":{"a":1,"k":[{"o":{"x":0.75,"y":0},"i":{"x":0.67,"y":1},"s":[0,0,100],"t":33},{"o":{"x":0.75,"y":0},"i":{"x":0.833,"y":1},"s":[100,100,100],"t":42},{"s":[81,81,100],"t":45.0000018328876}],"ix":6},"sk":{"a":0,"k":0},"p":{"a":0,"k":[612.579,188.475,0],"ix":2},"r":{"a":0,"k":-5.478,"ix":10},"sa":{"a":0,"k":0},"o":{"a":0,"k":100,"ix":11}},"ef":[],"shapes":[{"ty":"gr","bm":0,"hd":false,"mn":"ADBE Vector Group","nm":"Group 1","ix":1,"cix":2,"np":2,"it":[{"ty":"sh","bm":0,"hd":false,"mn":"ADBE Vector Shape - Group","nm":"Path 1","ix":1,"d":1,"ks":{"a":0,"k":{"c":true,"i":[[7.242,-1.304],[1.966,9.177],[0,0],[-7.683,1.384],[0,0],[-1.443,-9.849],[0,0]],"o":[[-7.242,1.304],[0,0],[-2.079,-9.737],[0,0],[7.683,-1.383],[0,0],[1.36,9.288]],"v":[[20.76,99.704],[4.287,85.617],[-30.565,-77.316],[-20.3,-97.698],[-9.594,-99.626],[7.135,-84.104],[31.284,80.756]]},"ix":2}},{"ty":"fl","bm":0,"hd":false,"mn":"ADBE Vector Graphic - Fill","nm":"Fill 1","c":{"a":0,"k":[0.6784,0.6235,0.6549],"ix":4},"r":1,"o":{"a":0,"k":100,"ix":5}},{"ty":"tr","a":{"a":0,"k":[0,0],"ix":1},"s":{"a":0,"k":[100,100],"ix":3},"sk":{"a":0,"k":0,"ix":4},"p":{"a":0,"k":[32.894,101.259],"ix":2},"r":{"a":0,"k":0,"ix":6},"sa":{"a":0,"k":0,"ix":5},"o":{"a":0,"k":100,"ix":7}}]},{"ty":"gr","bm":0,"hd":false,"mn":"ADBE Vector Group","nm":"Group 2","ix":2,"cix":2,"np":2,"it":[{"ty":"sh","bm":0,"hd":false,"mn":"ADBE Vector Shape - Group","nm":"Path 1","ix":1,"d":1,"ks":{"a":0,"k":{"c":true,"i":[[2.123,0.942],[0.881,2.148],[-0.851,2.161],[0,0],[-0.853,0.864],[-1.123,0.46],[-1.214,-0.017],[-1.109,-0.492],[0,0],[-0.828,-0.888],[-0.414,-1.141],[0.067,-1.213],[0.537,-1.088],[0,0],[2.184,-0.79]],"o":[[-2.123,-0.941],[-0.881,-2.149],[0,0],[0.446,-1.129],[0.853,-0.863],[1.122,-0.46],[1.213,0.017],[0,0],[1.11,0.491],[0.828,0.887],[0.412,1.141],[-0.068,1.211],[0,0],[-1.028,2.083],[-2.184,0.791]],"v":[[-22.534,47.957],[-27.215,43.143],[-27.261,36.428],[4.164,-43.269],[6.131,-46.289],[9.124,-48.295],[12.664,-48.967],[16.184,-48.196],[22.705,-45.305],[25.641,-43.215],[27.522,-40.141],[28.045,-36.575],[27.128,-33.091],[-10.816,43.716],[-15.822,48.193]]},"ix":2}},{"ty":"fl","bm":0,"hd":false,"mn":"ADBE Vector Graphic - Fill","nm":"Fill 1","c":{"a":0,"k":[0.6784,0.6235,0.6549],"ix":4},"r":1,"o":{"a":0,"k":100,"ix":5}},{"ty":"tr","a":{"a":0,"k":[0,0],"ix":1},"s":{"a":0,"k":[100,100],"ix":3},"sk":{"a":0,"k":0,"ix":4},"p":{"a":0,"k":[133.365,139.981],"ix":2},"r":{"a":0,"k":0,"ix":6},"sa":{"a":0,"k":0,"ix":5},"o":{"a":0,"k":100,"ix":7}}]},{"ty":"gr","bm":0,"hd":false,"mn":"ADBE Vector Group","nm":"Group 3","ix":3,"cix":2,"np":2,"it":[{"ty":"sh","bm":0,"hd":false,"mn":"ADBE Vector Shape - Group","nm":"Path 1","ix":1,"d":1,"ks":{"a":0,"k":{"c":true,"i":[[2.496,2.514],[0.061,3.541],[-2.406,2.598],[0,0],[-1.69,0.755],[-1.85,0.031],[-1.714,-0.696],[-1.303,-1.313],[0,0],[-0.684,-1.719],[0.045,-1.85],[0.768,-1.684],[1.366,-1.248],[0,0],[3.54,0.086]],"o":[[-2.495,-2.513],[-0.062,-3.541],[0,0],[1.258,-1.358],[1.689,-0.755],[1.85,-0.033],[1.715,0.697],[0,0],[1.304,1.313],[0.684,1.72],[-0.045,1.851],[-0.767,1.684],[0,0],[-2.614,2.39],[-3.541,-0.086]],"v":[[-57.96,57.565],[-61.944,48.131],[-58.29,38.565],[30.507,-57.275],[34.973,-60.477],[40.337,-61.67],[45.739,-60.664],[50.314,-57.619],[57.98,-49.9],[60.993,-45.304],[61.962,-39.894],[60.73,-34.538],[57.497,-30.094],[-38.962,58.027],[-48.553,61.617]]},"ix":2}},{"ty":"fl","bm":0,"hd":false,"mn":"ADBE Vector Graphic - Fill","nm":"Fill 1","c":{"a":0,"k":[0.6784,0.6235,0.6549],"ix":4},"r":1,"o":{"a":0,"k":100,"ix":5}},{"ty":"tr","a":{"a":0,"k":[0,0],"ix":1},"s":{"a":0,"k":[100,100],"ix":3},"sk":{"a":0,"k":0,"ix":4},"p":{"a":0,"k":[224.998,163.04],"ix":2},"r":{"a":0,"k":0,"ix":6},"sa":{"a":0,"k":0,"ix":5},"o":{"a":0,"k":100,"ix":7}}]}],"ind":4},{"ty":4,"nm":"bg","sr":1,"st":0,"op":179.000007290819,"ip":0,"hd":true,"ddd":0,"bm":0,"hasMask":false,"ao":0,"ks":{"a":{"a":0,"k":[-0.5,8,0],"ix":1},"s":{"a":0,"k":[115.063,115.063,100],"ix":6},"sk":{"a":0,"k":0},"p":{"a":0,"k":[599.425,597.205,0],"ix":2},"r":{"a":0,"k":0,"ix":10},"sa":{"a":0,"k":0},"o":{"a":0,"k":30,"ix":11}},"ef":[],"shapes":[{"ty":"gr","bm":0,"hd":false,"mn":"ADBE Vector Group","nm":"Ellipse 1","ix":1,"cix":2,"np":3,"it":[{"ty":"el","bm":0,"hd":false,"mn":"ADBE Vector Shape - Ellipse","nm":"Ellipse Path 1","d":1,"p":{"a":0,"k":[0,0],"ix":3},"s":{"a":0,"k":[940,940],"ix":2}},{"ty":"fl","bm":0,"hd":false,"mn":"ADBE Vector Graphic - Fill","nm":"Fill 1","c":{"a":0,"k":[0.902,0.9373,0.949],"ix":4},"r":1,"o":{"a":0,"k":100,"ix":5}},{"ty":"tr","a":{"a":0,"k":[0,0],"ix":1},"s":{"a":0,"k":[100,100],"ix":3},"sk":{"a":0,"k":0,"ix":4},"p":{"a":0,"k":[-0.5,8],"ix":2},"r":{"a":0,"k":0,"ix":6},"sa":{"a":0,"k":0,"ix":5},"o":{"a":0,"k":100,"ix":7}}]}],"ind":5}],"v":"5.5.7","fr":29.9700012207031,"op":70.0000028511585,"ip":0,"assets":[]}