{
  "project_info": {
    "project_number": "17802616139",
    "project_id": "fcmpushnotification-5e2b1",
    "storage_bucket": "fcmpushnotification-5e2b1.appspot.com"
  },
  "client": [
    {
      "client_info": {
        "mobilesdk_app_id": "1:17802616139:android:5c39d5f00bb9b39ba71cce",
        "android_client_info": {
          "package_name": "com.example.fcm_push_notification"
        }
      },
      "oauth_client": [
        {
          "client_id": "17802616139-dnpchq7rud0otqe6d0cnv79pih7c2pif.apps.googleusercontent.com",
          "client_type": 3
        }
      ],
      "api_key": [
        {
          "current_key": "AIzaSyAWenF2E5UgcgpaOAOo4xojiguX508yCKg"
        }
      ],
      "services": {
        "appinvite_service": {
          "other_platform_oauth_client": [
            {
              "client_id": "17802616139-dnpchq7rud0otqe6d0cnv79pih7c2pif.apps.googleusercontent.com",
              "client_type": 3
            }
          ]
        }
      }
    }
  ],
  "configuration_version": "1"
}